{
  "0": {
    "precision": 0.8390450519830573,
    "recall": 0.9325914829873743,
    "f1-score": 0.8833485355224485,
    "support": 4673.0
  },
  "1": {
    "precision": 0.609181141439206,
    "recall": 0.3700075357950264,
    "f1-score": 0.4603844350679794,
    "support": 1327.0
  },
  "accuracy": 0.8081666666666667,
  "macro avg": {
    "precision": 0.7241130967111317,
    "recall": 0.6512995093912003,
    "f1-score": 0.671866485295214,
    "support": 6000.0
  },
  "weighted avg": {
    "precision": 0.788206817101109,
    "recall": 0.8081666666666667,
    "f1-score": 0.7898029753052684,
    "support": 6000.0
  }
}