{
  "dataset_shape": [
    30000,
    25
  ],
  "target_distribution": {
    "0": 23364,
    "1": 6636
  },
  "imbalance_ratio": 0.2840267077555213,
  "top_correlations": {
    "PAY_0": 0.32479372847862237,
    "PAY_2": 0.2635512016721678,
    "PAY_3": 0.23525251372491712,
    "PAY_4": 0.21661363684242388,
    "PAY_5": 0.2041489138761645,
    "PAY_6": 0.18686636165354611,
    "LIMIT_BAL": 0.1535198763935072,
    "PAY_AMT1": 0.07292948777785163,
    "PAY_AMT2": 0.058578706582901575,
    "PAY_AMT4": 0.05682740089288691
  },
  "high_corr_features": {
    "PAY_0": 0.32479372847862237,
    "PAY_2": 0.2635512016721678,
    "PAY_3": 0.23525251372491712,
    "PAY_4": 0.21661363684242388,
    "PAY_5": 0.2041489138761645,
    "PAY_6": 0.18686636165354611,
    "LIMIT_BAL": 0.1535198763935072
  },
  "medium_corr_features": {
    "PAY_AMT1": 0.07292948777785163,
    "PAY_AMT2": 0.058578706582901575,
    "PAY_AMT4": 0.05682740089288691
  },
  "data_issues": [
    "\u0417\u043d\u0430\u0447\u0438\u0442\u0435\u043b\u044c\u043d\u044b\u0435 \u0432\u044b\u0431\u0440\u043e\u0441\u044b: {'PAY_0': '10.4% \u0432\u044b\u0431\u0440\u043e\u0441\u043e\u0432', 'PAY_2': '14.7% \u0432\u044b\u0431\u0440\u043e\u0441\u043e\u0432', 'PAY_3': '14.0% \u0432\u044b\u0431\u0440\u043e\u0441\u043e\u0432', 'PAY_4': '11.7% \u0432\u044b\u0431\u0440\u043e\u0441\u043e\u0432', 'PAY_5': '9.9% \u0432\u044b\u0431\u0440\u043e\u0441\u043e\u0432', 'PAY_6': '10.3% \u0432\u044b\u0431\u0440\u043e\u0441\u043e\u0432', 'BILL_AMT1': '8.0% \u0432\u044b\u0431\u0440\u043e\u0441\u043e\u0432', 'BILL_AMT2': '8.0% \u0432\u044b\u0431\u0440\u043e\u0441\u043e\u0432', 'BILL_AMT3': '8.2% \u0432\u044b\u0431\u0440\u043e\u0441\u043e\u0432', 'BILL_AMT4': '8.7% \u0432\u044b\u0431\u0440\u043e\u0441\u043e\u0432', 'BILL_AMT5': '9.1% \u0432\u044b\u0431\u0440\u043e\u0441\u043e\u0432', 'BILL_AMT6': '9.0% \u0432\u044b\u0431\u0440\u043e\u0441\u043e\u0432', 'PAY_AMT1': '9.2% \u0432\u044b\u0431\u0440\u043e\u0441\u043e\u0432', 'PAY_AMT2': '9.0% \u0432\u044b\u0431\u0440\u043e\u0441\u043e\u0432', 'PAY_AMT3': '8.7% \u0432\u044b\u0431\u0440\u043e\u0441\u043e\u0432', 'PAY_AMT4': '10.0% \u0432\u044b\u0431\u0440\u043e\u0441\u043e\u0432', 'PAY_AMT5': '9.8% \u0432\u044b\u0431\u0440\u043e\u0441\u043e\u0432', 'PAY_AMT6': '9.9% \u0432\u044b\u0431\u0440\u043e\u0441\u043e\u0432', 'default.payment.next.month': '22.1% \u0432\u044b\u0431\u0440\u043e\u0441\u043e\u0432'}",
    "\u041d\u0435\u043a\u043e\u0440\u0440\u0435\u043a\u0442\u043d\u044b\u0435 \u0437\u043d\u0430\u0447\u0435\u043d\u0438\u044f \u0432 EDUCATION: {np.int64(0), np.int64(5), np.int64(6)}",
    "\u041d\u0435\u043a\u043e\u0440\u0440\u0435\u043a\u0442\u043d\u044b\u0435 \u0437\u043d\u0430\u0447\u0435\u043d\u0438\u044f \u0432 MARRIAGE: {np.int64(0)}"
  ],
  "feature_analysis": {
    "ID": {
      "p_value": 0.015670165296793628,
      "mean_0": 15064.89398219483,
      "mean_1": 14773.781946955998,
      "significant": "True"
    },
    "LIMIT_BAL": {
      "p_value": 1.3022439532597397e-157,
      "mean_0": 178099.72607430234,
      "mean_1": 130109.65641952984,
      "significant": "True"
    },
    "SEX": {
      "p_value": 4.476478692126115e-12,
      "mean_0": 1.6141499743194658,
      "mean_1": 1.5670584689572031,
      "significant": "True"
    },
    "EDUCATION": {
      "p_value": 1.532351818931204e-14,
      "mean_0": 1.841337099811676,
      "mean_1": 1.8946654611211573,
      "significant": "True"
    },
    "MARRIAGE": {
      "p_value": 4.473223352466336e-06,
      "mean_0": 1.558637219654169,
      "mean_1": 1.5280289330922243,
      "significant": "True"
    },
    "AGE": {
      "p_value": 0.016136845890163832,
      "mean_0": 35.417265879130284,
      "mean_1": 35.72573839662447,
      "significant": "True"
    },
    "PAY_0": {
      "p_value": 0.0,
      "mean_0": -0.21122239342578325,
      "mean_1": 0.6681735985533453,
      "significant": "True"
    },
    "PAY_2": {
      "p_value": 6.446010213597527e-309,
      "mean_0": -0.3019174798835816,
      "mean_1": 0.4582579867389994,
      "significant": "True"
    },
    "PAY_3": {
      "p_value": 1.7860671914718247e-249,
      "mean_0": -0.3162557781201849,
      "mean_1": 0.36211573236889694,
      "significant": "True"
    },
    "PAY_4": {
      "p_value": 7.9876431050771735e-199,
      "mean_0": -0.35563259715802087,
      "mean_1": 0.25452079566003616,
      "significant": "True"
    },
    "PAY_5": {
      "p_value": 4.854524468043771e-167,
      "mean_0": -0.3894881013525081,
      "mean_1": 0.16787221217600964,
      "significant": "True"
    },
    "PAY_6": {
      "p_value": 1.537168874705074e-134,
      "mean_0": -0.4056240369799692,
      "mean_1": 0.11211573236889692,
      "significant": "True"
    },
    "BILL_AMT1": {
      "p_value": 1.1510381825298247e-05,
      "mean_0": 51994.22727272727,
      "mean_1": 48509.162296564195,
      "significant": "True"
    },
    "BILL_AMT2": {
      "p_value": 0.007061205045571093,
      "mean_0": 49717.43567026194,
      "mean_1": 47283.61784207354,
      "significant": "True"
    },
    "BILL_AMT3": {
      "p_value": 0.028202701361998515,
      "mean_0": 47533.36560520459,
      "mean_1": 45181.59885473177,
      "significant": "True"
    },
    "BILL_AMT4": {
      "p_value": 0.14776781853794307,
      "mean_0": 43611.16525423729,
      "mean_1": 42036.950572634116,
      "significant": "False"
    },
    "BILL_AMT5": {
      "p_value": 0.23536702261617015,
      "mean_0": 40530.44534326314,
      "mean_1": 39540.19047619047,
      "significant": "False"
    },
    "BILL_AMT6": {
      "p_value": 0.9894808402783662,
      "mean_0": 39042.268703989044,
      "mean_1": 38271.43550331525,
      "significant": "False"
    },
    "PAY_AMT1": {
      "p_value": 4.616659199185981e-170,
      "mean_0": 6307.337356617018,
      "mean_1": 3397.0441531042798,
      "significant": "True"
    },
    "PAY_AMT2": {
      "p_value": 9.954975969253173e-151,
      "mean_0": 6640.465074473549,
      "mean_1": 3388.6496383363474,
      "significant": "True"
    },
    "PAY_AMT3": {
      "p_value": 8.992708492430755e-129,
      "mean_0": 5753.496832734121,
      "mean_1": 3367.351567209162,
      "significant": "True"
    },
    "PAY_AMT4": {
      "p_value": 7.284694665069206e-109,
      "mean_0": 5300.529318609827,
      "mean_1": 3155.6267329716698,
      "significant": "True"
    },
    "PAY_AMT5": {
      "p_value": 1.1248698832662905e-90,
      "mean_0": 5248.22029618216,
      "mean_1": 3219.1395418927063,
      "significant": "True"
    },
    "PAY_AMT6": {
      "p_value": 3.1841165363473415e-98,
      "mean_0": 5719.371768532786,
      "mean_1": 3441.4820675105484,
      "significant": "True"
    }
  },
  "numeric_summary": {
    "ID": {
      "count": 30000.0,
      "mean": 15000.5,
      "std": 8660.398374208891,
      "min": 1.0,
      "25%": 7500.75,
      "50%": 15000.5,
      "75%": 22500.25,
      "max": 30000.0
    },
    "LIMIT_BAL": {
      "count": 30000.0,
      "mean": 167484.32266666667,
      "std": 129747.66156720239,
      "min": 10000.0,
      "25%": 50000.0,
      "50%": 140000.0,
      "75%": 240000.0,
      "max": 1000000.0
    },
    "SEX": {
      "count": 30000.0,
      "mean": 1.6037333333333332,
      "std": 0.48912919609026045,
      "min": 1.0,
      "25%": 1.0,
      "50%": 2.0,
      "75%": 2.0,
      "max": 2.0
    },
    "EDUCATION": {
      "count": 30000.0,
      "mean": 1.8531333333333333,
      "std": 0.7903486597207291,
      "min": 0.0,
      "25%": 1.0,
      "50%": 2.0,
      "75%": 2.0,
      "max": 6.0
    },
    "MARRIAGE": {
      "count": 30000.0,
      "mean": 1.5518666666666667,
      "std": 0.5219696006132487,
      "min": 0.0,
      "25%": 1.0,
      "50%": 2.0,
      "75%": 2.0,