{
  "total_features": 47,
  "numeric_features_created": 22,
  "categorical_features_created": 1,
  "categorical_features": [
    "AGE_GROUP"
  ],
  "top_correlated_features": {
    "default": 1.0,
    "PAYMENT_SEVERITY": 0.3988729287073926,
    "PAYMENT_DELAY_COUNT": 0.3983943599267256,
    "RISK_SCORE_1": 0.391269965588131,
    "PAYMENT_MAX_DELAY": 0.33103649760064763,
    "PAY_0": 0.32479372847862237,
    "PAYMENT_MEAN": 0.2819545766373235,
    "PAY_2": 0.2635512016721678,
    "PAYMENT_STD": 0.24892242027069106,
    "PAY_3": 0.23525251372491712
  }
}